<?xml version="1.0" encoding="UTF-8"?>
<!--
 * This file is part of FacturaScripts
 * Copyright (C) 2017-2020 Carlos Garcia Gomez <carlos@facturascripts.com>
 *
 * This program is free software: you can redistribute it and/or modify
 * it under the terms of the GNU Lesser General Public License as
 * published by the Free Software Foundation, either version 3 of the
 * License, or (at your option) any later version.
 *
 * This program is distributed in the hope that it will be useful,
 * but WITHOUT ANY WARRANTY; without even the implied warranty of
 * MERCHANTABILITY or FITNESS FOR A PARTICULAR PURPOSE. See the
 * GNU Lesser General Public License for more details.
 *
 * You should have received a copy of the GNU Lesser General Public License
 * along with this program. If not, see <http://www.gnu.org/licenses/>.
 *
 * @author Artex Trading sa     <jcuello@artextrading.com>
 * @author Carlos García Gómez  <carlos@facturascripts.com>
-->
<view>
    <columns>
        <group name="data" numcolumns="12" valign="bottom">
            <column name="code" title="nick" numcolumns="2" order="100">
                <widget type="text" fieldname="nick" icon="fas fa-hashtag" maxlength="50" required="true" readonly="dinamic" />
            </column>
            <column name="email" numcolumns="2" order="110">
                <widget type="email" fieldname="email" icon="fas fa-envelope" />
            </column>
            <column name="new-password" numcolumns="3" order="120">
                <widget type="password" fieldname="newPassword" icon="fas fa-key" />
            </column>
            <column name="repeat-new-password" numcolumns="3" order="130">
                <widget type="password" fieldname="newPassword2" icon="fas fa-key" />
            </column>
            <column name="level" level="99" numcolumns="2" order="140">
                <widget type="number" step="1" min="1" max="99" fieldname="level" icon="fas fa-low-vision" />
            </column>
            <column name="is-admin" level="99" order="150">
                <widget type="checkbox" fieldname="admin"/>
            </column>
            <column name="enabled" level="99" order="160">
                <widget type="checkbox" fieldname="enabled" />
            </column>
        </group>
        <group name="other" numcolumns="12">
            <column name="language" numcolumns="3" order="100">
                <widget type="select" fieldname="langcode" icon="fas fa-language">
                    <values />
                </widget>
            </column>
            <column name="homepage" numcolumns="3" order="110">
                <widget type="select" fieldname="homepage" icon="fas fa-home">
                    <values />
                </widget>
            </column>
            <column name="company" titleurl="ListEmpresa" level="99" numcolumns="3" order="120">
                <widget type="select" fieldname="idempresa" icon="fas fa-building" onclick="EditEmpresa" required="true">
                    <values source="empresas" fieldcode="idempresa" fieldtitle="nombrecorto" />
                </widget>
            </column>
            <column name="warehouse" titleurl="ListAlmacen" level="99" numcolumns="3" order="130">
                <widget type="select" fieldname="codalmacen" icon="fas fa-warehouse" onclick="EditAlmacen" required="true">
                    <values source="almacenes" fieldcode="codalmacen" fieldtitle="nombre" />
                </widget>
            </column>
            <column name="agent" titleurl="ListAgente" level="99" numcolumns="3" order="140">
                <widget type="select" fieldname="codagente" icon="fas fa-user-tie" onclick="EditAgente">
                    <values source="agentes" fieldcode="codagente" fieldtitle="nombre" />
                </widget>
            </column>
            <column name="last-activity" order="150">
                <widget type="text" fieldname="lastactivity" readonly="true" />
            </column>
            <column name="last-ip" order="160">
                <widget type="text" fieldname="lastip" readonly="true" />
            </column>
        </group>
    </columns>
</view>