<?xml version="1.0" encoding="UTF-8"?>
<!--
 * This file is part of FacturaScripts
 * Copyright (C) 2017-2020 Carlos Garcia Gomez <carlos@facturascripts.com>
 *
 * This program is free software: you can redistribute it and/or modify
 * it under the terms of the GNU Lesser General Public License as
 * published by the Free Software Foundation, either version 3 of the
 * License, or (at your option) any later version.
 *
 * This program is distributed in the hope that it will be useful,
 * but WITHOUT ANY WARRANTY; without even the implied warranty of
 * MERCHANTABILITY or FITNESS FOR A PARTICULAR PURPOSE. See the
 * GNU Lesser General Public License for more details.
 *
 * You should have received a copy of the GNU Lesser General Public License
 * along with this program. If not, see <http://www.gnu.org/licenses/>.
 *
 * @author Fco. Antonio Moreno Pérez    <famphuelva@gmail.com>
 * @author Carlos García Gómez          <carlos@facturascripts.com>
-->
<view>
    <columns>
        <group name="main" numcolumns="12">
            <column name="idproducto" display="none" order="90">
                <widget type="text" fieldname="idproducto" />
            </column>
            <column name="reference" numcolumns="3" order="100">
                <widget type="text" fieldname="referencia" maxlength="30" icon="fas fa-hashtag" required="true" readonly="dinamic" />
            </column>
            <column name="manufacturer" titleurl="ListFabricante" numcolumns="3" order="110">
                <widget type="select" fieldname="codfabricante" onclick="EditFabricante">
                    <values source="fabricantes" fieldcode="codfabricante" fieldtitle="nombre" />
                </widget>
            </column>
            <column name="family" titleurl="ListFamilia" numcolumns="3" order="120">
                <widget type="select" fieldname="codfamilia" onclick="EditFamilia">
                    <values source="familias" fieldcode="codfamilia" fieldtitle="descripcion" />
                </widget>
            </column>
            <column name="tax" numcolumns="3" order="130">
                <widget type="select" fieldname="codimpuesto" onclick="EditImpuesto">
                    <values source="impuestos" fieldcode="codimpuesto" fieldtitle="descripcion" />
                </widget>
            </column>
        </group>
        <group name="description" numcolumns="12">
            <column name="description" order="100">
                <widget type="textarea" fieldname="descripcion" required="true" />
            </column>
        </group>
        <group name="options" numcolumns="12" valign="bottom">
            <column name="stock" numcolumns="2" order="100">
                <widget type="number" fieldname="stockfis" readonly="true"/>
            </column>
            <column name="nostock" title="no-stock" order="110">
                <widget type="checkbox" fieldname="nostock" />
            </column>
            <column name="secompra" title="for-purchase" order="120">
                <widget type="checkbox" fieldname="secompra" />
            </column>
            <column name="sevende" title="for-sale" order="130">
                <widget type="checkbox" fieldname="sevende" />
            </column>
            <column name="ventasinstock" title="allow-sale-without-stock" order="140">
                <widget type="checkbox" fieldname="ventasinstock"/>
            </column>
            <column name="bloqueado" title="blocked" order="150">
                <widget type="checkbox" fieldname="bloqueado"/>
            </column>
            <column name="publico" title="public" order="160">
                <widget type="checkbox" fieldname="publico" />
            </column>
        </group>
        <group name="observations" numcolumns="9">
            <column name="observations" numcolumns="12" order="100">
                <widget type="textarea" fieldname="observaciones" rows="5" />
            </column>
        </group>
        <group name="advanced" numcolumns="3" valign="bottom">
            <column name="creation-date" numcolumns="12" order="100">
                <widget type="date" fieldname="fechaalta" readonly="true" />
            </column>
            <column name="update-time" numcolumns="12" order="110">
                <widget type="datetime" fieldname="actualizado" readonly="true" />
            </column>
        </group>
        <group name="accounts" title="accounting" icon="fas fa-balance-scale" numcolumns="12">
            <column name="codsubcuentacom" title="subaccount-purchases" titleurl="ListCuenta" description="optional" order="100">
                <widget type="autocomplete" fieldname="codsubcuentacom">
                    <values source="subcuentas" fieldcode="codsubcuenta" />
                </widget>
            </column>
            <column name="codsubcuentaven" title="subaccount-sales" titleurl="ListCuenta" description="optional" order="110">
                <widget type="autocomplete" fieldname="codsubcuentaven">
                    <values source="subcuentas" fieldcode="codsubcuenta" />
                </widget>
            </column>
            <column name="codsubcuentairpfcom" title="subaccount-irpf" titleurl="ListCuenta" description="optional" order="120">
                <widget type="autocomplete" fieldname="codsubcuentairpfcom">
                    <values source="subcuentas" fieldcode="codsubcuenta" />
                </widget>
            </column>
        </group>
    </columns>
</view>
