<?xml version="1.0" encoding="UTF-8"?>
<!--
 * This file is part of FacturaScripts
 * Copyright (C) 2018-2020 Carlos Garcia Gomez <carlos@facturascripts.com>
 *
 * This program is free software: you can redistribute it and/or modify
 * it under the terms of the GNU Lesser General Public License as
 * published by the Free Software Foundation, either version 3 of the
 * License, or (at your option) any later version.
 *
 * This program is distributed in the hope that it will be useful,
 * but WITHOUT ANY WARRANTY; without even the implied warranty of
 * MERCHANTABILITY or FITNESS FOR A PARTICULAR PURPOSE. See the
 * GNU Lesser General Public License for more details.
 *
 * You should have received a copy of the GNU Lesser General Public License
 * along with this program. If not, see <http://www.gnu.org/licenses/>.
 *
 * @author PC REDNET S.L.       <luismi@pcrednet.com>
 * @author Carlos García Gómez  <carlos@facturascripts.com>
-->
<view>
    <columns>
        <group name="primary-data" numcolumns="12">
            <column name="id" order="100" display="none">
                <widget type="text" fieldname="idcuenta" />
            </column>
            <column name="account" numcolumns="3" order="110">
                <widget type="text" fieldname="codcuenta" icon="fas fa-hashtag" maxlength="10" readonly="dinamic" required="true" />
            </column>
            <column name="description" order="120">
                <widget type="text" fieldname="descripcion" required="true" />
            </column>
        </group>
        <group name="seccondary-data" numcolumns="12">
            <column name="parent-account" numcolumns="3" order="100">
                <widget type="autocomplete" fieldname="parent_idcuenta" onclick="EditCuenta" icon="fas fa-book">
                    <values source="cuentas" fieldcode="idcuenta" fieldtitle="codcuenta" fieldfilter="codejercicio" />
                </widget>
            </column>
            <column name="fiscal-exercise" numcolumns="3" order="110">
                <widget type="select" fieldname="codejercicio" onclick="EditEjercicio" readonly="dinamic" required="true">
                    <values source="ejercicios" fieldcode="codejercicio" fieldtitle="nombre" />
                </widget>
            </column>
            <column name="special-account" titleurl="ListCuenta?activetab=ListCuentaEspecial" order="120">
                <widget type="select" fieldname="codcuentaesp" onclick="EditCuentaEspecial">
                    <values source="cuentasesp" fieldcode="codcuentaesp" fieldtitle="descripcion" />
                </widget>
            </column>
        </group>
    </columns>
    <modals>
        <group name="ledger" title="ledger" class="modal-lg" icon="fas fa-book fa-fw">
            <column name="date-from" title="from-date" numcolumns="4">
                <widget type="date" fieldname="dateFrom" required="true" />
            </column>
            <column name="date-to" title="until-date" numcolumns="4">
                <widget type="date" fieldname="dateTo" required="true" />
            </column>
            <column name="channel" numcolumns="4">
                <widget type="number" fieldname="channel" />
            </column>
            <column name="grouped" title="group-accounts" numcolumns="8">
                <widget type="select" fieldname="grouped" required="true" translate="true">
                    <values title="report-non-grouping-account">NO</values>
                    <values title="report-grouping-account">YES</values>
                </widget>
            </column>
            <column name="format" title="format" numcolumns="4">
                <widget type="select" fieldname="format" required="true" translate="true" />
            </column>
        </group>
    </modals>
</view>