<?xml version="1.0" encoding="UTF-8"?>
<!--
 * This file is part of FacturaScripts
 * Copyright (C) 2018-2020 Carlos García Gómez <carlos@facturascripts.com>
 *
 * This program is free software: you can redistribute it and/or modify
 * it under the terms of the GNU Lesser General Public License as
 * published by the Free Software Foundation, either version 3 of the
 * License, or (at your option) any later version.
 *
 * This program is distributed in the hope that it will be useful,
 * but WITHOUT ANY WARRANTY; without even the implied warranty of
 * MERCHANTABILITY or FITNESS FOR A PARTICULAR PURPOSE. See the
 * GNU Lesser General Public License for more details.
 *
 * You should have received a copy of the GNU Lesser General Public License
 * along with this program. If not, see <http://www.gnu.org/licenses/>.
 *
 * @author Carlos García Gómez      <carlos@facturascripts.com>
 * @author Francesc Pineda Segarra  <francesc.pineda@x-netdigital.com>
-->
<view>
    <columns>
        <group name="data" numcolumns="12" valign="bottom">
            <column name="id" display="none" order="100">
                <widget type="text" fieldname="id"/>
            </column>
            <column name="api-key" display="none" order="110">
                <widget type="select" fieldname="idapikey" required="true">
                    <values source="api_keys" fieldcode="id" fieldtitle="description" />
                </widget>
            </column>
            <column name="resource" order="120">
                <widget type="text" fieldname="resource" readonly="true"/>
            </column>
            <column name="allow-delete-data" order="130">
                <widget type="checkbox" fieldname="allowdelete" />
            </column>
            <column name="allow-get-data" order="140">
                <widget type="checkbox" fieldname="allowget" />
            </column>
            <column name="allow-post-data" order="150">
                <widget type="checkbox" fieldname="allowpost" />
            </column>
            <column name="allow-put-data" order="160">
                <widget type="checkbox" fieldname="allowput" />
            </column>
        </group>
    </columns>
    <rows>
        <row type="footer">
            <group name="footer_actions" footer="specials-actions">
                <button type="action" label="add-all-enabled" color="success" action="add-api-access-enabled" icon="far fa-check-square" />
                <button type="action" label="add-all-disabled" color="warning" action="add-api-access-disabled" icon="far fa-square" />
            </group>
        </row>
    </rows>
</view>