<?xml version="1.0" encoding="UTF-8"?>
<!--
 * This file is part of FacturaScripts
 * Copyright (C) 2017-2019 Carlos Garcia Gomez <carlos@facturascripts.com>
 *
 * This program is free software: you can redistribute it and/or modify
 * it under the terms of the GNU Lesser General Public License as
 * published by the Free Software Foundation, either version 3 of the
 * License, or (at your option) any later version.
 *
 * This program is distributed in the hope that it will be useful,
 * but WITHOUT ANY WARRANTY; without even the implied warranty of
 * MERCHANTABILITY or FITNESS FOR A PARTICULAR PURPOSE. See the
 * GNU Lesser General Public License for more details.
 *
 * You should have received a copy of the GNU Lesser General Public License
 * along with this program. If not, see <http://www.gnu.org/licenses/>.
 *
 * @author Ramiro Salvador Mamani   <ramiro@solsun.pe>
 * @author Carlos García Gómez      <carlos@facturascripts.com>
-->
<view>
    <columns>
        <group name="data" numcolumns="12">
            <column name="code" description="optional" numcolumns="4" order="100">
                <widget type="text" fieldname="codatributo" icon="fas fa-hashtag" maxlength="20" readonly="dinamic" />
            </column>
            <column name="name" numcolumns="8" order="110">
                <widget type="text" fieldname="nombre" required="true" />
            </column>
        </group>
    </columns>
</view>
