<?xml version="1.0" encoding="UTF-8"?>
<!--
 * This file is part of FacturaScripts
 * Copyright (C) 2020 Carlos Garcia Gomez <carlos@facturascripts.com>
 *
 * This program is free software: you can redistribute it and/or modify
 * it under the terms of the GNU Lesser General Public License as
 * published by the Free Software Foundation, either version 3 of the
 * License, or (at your option) any later version.
 *
 * This program is distributed in the hope that it will be useful,
 * but WITHOUT ANY WARRANTY; without even the implied warranty of
 * MERCHANTABILITY or FITNESS FOR A PARTICULAR PURPOSE. See the
 * GNU Lesser General Public License for more details.
 *
 * You should have received a copy of the GNU Lesser General Public License
 * along with this program. If not, see <http://www.gnu.org/licenses/>.
 *
 * @author Jose Antonio Cuello <jcuello@artextrading.com>
 * @author Carlos García Gómez <carlos@facturascripts.com>
-->
<view>
    <columns>
        <group name="basic" numcolumns="12">
            <column name="code" display="none" order="100">
                <widget type="text" fieldname="id" />
            </column>
            <column name="name" order="110">
                <widget type="text" fieldname="name" required="true" />
            </column>
            <column name="type" numcolumns="3" order="120">
                <widget type="select" fieldname="type" required="true" />
            </column>
            <column name="sub-type" numcolumns="3" order="130">
                <widget type="select" fieldname="subtype" required="true" />
            </column>
            <column name="company" numcolumns="2" order="140">
                <widget type="select" fieldname="idcompany" required="true">
                    <values source="empresas" fieldcode="idempresa" fieldtitle="nombrecorto" />
                </widget>
            </column>
        </group>
        <group name="date" numcolumns="12">
            <column name="from-date" numcolumns="2" order="100">
                <widget type="date" fieldname="startdate" required="true" />
            </column>
            <column name="until-date" numcolumns="2" order="110">
                <widget type="date" fieldname="enddate" required="true" />
            </column>
            <column name="channel" numcolumns="2" order="120">
                <widget type="number" fieldname="channel" decimal="0"/>
            </column>
        </group>
    </columns>
</view>
