<?xml version="1.0" encoding="UTF-8"?>
<!--
 * This file is part of FacturaScripts
 * Copyright (C) 2017-2020 Carlos Garcia Gomez <carlos@facturascripts.com>
 *
 * This program is free software: you can redistribute it and/or modify
 * it under the terms of the GNU Lesser General Public License as
 * published by the Free Software Foundation, either version 3 of the
 * License, or (at your option) any later version.
 *
 * This program is distributed in the hope that it will be useful,
 * but WITHOUT ANY WARRANTY; without even the implied warranty of
 * MERCHANTABILITY or FITNESS FOR A PARTICULAR PURPOSE. See the
 * GNU Lesser General Public License for more details.
 *
 * You should have received a copy of the GNU Lesser General Public License
 * along with this program. If not, see <http://www.gnu.org/licenses/>.
 *
 * @author @jhonsmall           <juancarloschico0@gmail.com>
 * @author Carlos garcía Gómez  <carlos@facturascripts.com>
-->
<view>
    <columns>
        <group name="data" numcolumns="12">
            <column name="code" numcolumns="2" order="100">
                <widget type="text" fieldname="codtarifa" icon="fas fa-hashtag" maxlength="6" readonly="dinamic" required="true" />
            </column>
            <column name="name" order="110">
                <widget type="text" fieldname="nombre" required="true" />
            </column>
            <column name="formula" title="formula-to-apply" order="120">
                <widget type="select" fieldname="aplicar" translate="true" required="true">
                    <values title="formula-sale-price">pvp</values>
                    <values title="formula-cost-price">coste</values>
                </widget>
            </column>
            <column name="value-x" order="130">
                <widget type="number" fieldname="valorx" icon="fas fa-percentage" />
            </column>
            <column name="value-y" order="140">
                <widget type="money" fieldname="valory" />
            </column>
        </group>
        <group name="check" numcolumns="12">
            <column name="mincoste" title="dont-sell-below-cost" numcolumns="4" order="100">
                <widget type="checkbox" fieldname="mincoste" />
            </column>
            <column name="maxpvp" title="dont-sell-above-pvp" numcolumns="4" order="110">
                <widget type="checkbox" fieldname="maxpvp" />
            </column>
        </group>
    </columns>
</view>
