<?xml version="1.0" encoding="UTF-8"?>
<!--
 * This file is part of FacturaScripts
 * Copyright (C) 2017-2019 Carlos Garcia Gomez <carlos@facturascripts.com>
 *
 * This program is free software: you can redistribute it and/or modify
 * it under the terms of the GNU Lesser General Public License as
 * published by the Free Software Foundation, either version 3 of the
 * License, or (at your option) any later version.
 *
 * This program is distributed in the hope that it will be useful,
 * but WITHOUT ANY WARRANTY; without even the implied warranty of
 * MERCHANTABILITY or FITNESS FOR A PARTICULAR PURPOSE. See the
 * GNU Lesser General Public License for more details.
 *
 * You should have received a copy of the GNU Lesser General Public License
 * along with this program. If not, see <http://www.gnu.org/licenses/>.
 *
 * @author Artex Trading sa     <jcuello@artextrading.com>
 * @author Carlos García Gómez  <carlos@facturascripts.com>
-->
<view>
    <columns>
        <column name="company" display="none" order="90">
            <widget type="select" fieldname="idempresa">
                <values source="empresas" fieldcode="idempresa" fieldtitle="nombrecorto" />
            </widget>
        </column>
        <column name="code" order="100">
            <widget type="text" fieldname="codalmacen" onclick="EditAlmacen" />
        </column>
        <column name="name" order="110">
            <widget type="text" fieldname="nombre" />
        </column>
        <column name="address" order="120">
            <widget type="text" fieldname="direccion" />
        </column>
        <column name="city" order="130">
            <widget type="text" fieldname="ciudad" />
        </column>
        <column name="zip-code" display="none" order="140">
            <widget type="text" fieldname="codpostal" />
        </column>
        <column name="province" display="center" order="150">
            <widget type="text" fieldname="provincia" />
        </column>
        <column name="phone" order="160">
            <widget type="text" fieldname="telefono" />
        </column>
    </columns>
</view>
