<?xml version="1.0" encoding="UTF-8"?>
<!--
 * This file is part of FacturaScripts
 * Copyright (C) 2018-2019 Carlos Garcia Gomez <carlos@facturascripts.com>
 *
 * This program is free software: you can redistribute it and/or modify
 * it under the terms of the GNU Lesser General Public License as
 * published by the Free Software Foundation, either version 3 of the
 * License, or (at your option) any later version.
 *
 * This program is distributed in the hope that it will be useful,
 * but WITHOUT ANY WARRANTY; without even the implied warranty of
 * MERCHANTABILITY or FITNESS FOR A PARTICULAR PURPOSE. See the
 * GNU Lesser General Public License for more details.
 *
 * You should have received a copy of the GNU Lesser General Public License
 * along with this program. If not, see <http://www.gnu.org/licenses/>.
 *
 * @author Artex Trading sa     <jcuello@artextrading.com>
 * @author Carlos García Gómez  <carlos@facturascripts.com>
-->
<view>
    <columns>
        <column name="id" order="100" display="none">
            <widget type="text" fieldname="idsubcuenta" onclick="EditSubcuenta" />
        </column>
        <column name="fiscal-exercise" order="110">
            <widget type="text" fieldname="codejercicio" />
        </column>
        <column name="code" order="120">
            <widget type="text" fieldname="codsubcuenta" />
        </column>
        <column name="description" order="130">
            <widget type="textarea" fieldname="descripcion" />
        </column>
        <column name="special-account" order="140">
            <widget type="select" fieldname="codcuentaesp" onclick="EditCuentaEspecial">
                <values source="cuentasesp" fieldcode="codcuentaesp" fieldtitle="descripcion" />
            </widget>
        </column>
        <column name="balance" order="160" display="right">
            <widget type="money" fieldname="saldo" />
        </column>
    </columns>
    <rows>
        <row type="status" fieldname="saldo">
            <option color="danger">lt:0</option>
            <option color="success">gt:0</option>
        </row>
    </rows>
</view>
