<?xml version="1.0" encoding="UTF-8"?>
<!--
 * This file is part of FacturaScripts
 * Copyright (C) 2017-2020 Carlos Garcia Gomez <carlos@facturascripts.com>
 *
 * This program is free software: you can redistribute it and/or modify
 * it under the terms of the GNU Lesser General Public License as
 * published by the Free Software Foundation, either version 3 of the
 * License, or (at your option) any later version.
 *
 * This program is distributed in the hope that it will be useful,
 * but WITHOUT ANY WARRANTY; without even the implied warranty of
 * MERCHANTABILITY or FITNESS FOR A PARTICULAR PURPOSE. See the
 * GNU Lesser General Public License for more details.
 *
 * You should have received a copy of the GNU Lesser General Public License
 * along with this program. If not, see <http://www.gnu.org/licenses/>.
 *
 * @author Artex Trading sa     <jcuello@artextrading.com>
 * @author Carlos García Gómez  <carlos@facturascripts.com>
-->
<view>
    <columns>
        <column name="nick" order="100">
            <widget type="text" fieldname="nick" onclick="EditUser" />
        </column>
        <column name="email" order="110">
            <widget type="text" fieldname="email" />
        </column>
        <column name="level" order="120">
            <widget type="number" fieldname="level" decimal="0" />
        </column>
        <column name="language" order="130">
            <widget type="text" fieldname="langcode" />
        </column>
        <column name="company" order="140">
            <widget type="select" fieldname="idempresa" onclick="EditEmpresa">
                <values source="empresas" fieldcode="idempresa" fieldtitle="nombrecorto" />
            </widget>
        </column>
        <column name="warehouse" order="150">
            <widget type="select" fieldname="codalmacen" onclick="EditAlmacen">
                <values source="almacenes" fieldcode="codalmacen" fieldtitle="nombre" />
            </widget>
        </column>
        <column name="last-ip" order="160">
            <widget type="text" fieldname="lastip" />
        </column>
        <column name="last-activity" display="right" order="170">
            <widget type="datetime" fieldname="lastactivity" />
        </column>
    </columns>
    <rows>
        <row type="status">
            <option color="danger" title="disabled" fieldname="enabled">0</option>
            <option color="warning" title="admin" fieldname="admin">1</option>
        </row>
    </rows>
</view>
