<?xml version="1.0" encoding="UTF-8"?>
<!--
 * This file is part of FacturaScripts
 * Copyright (C) 2017-2019 Carlos Garcia Gomez <carlos@facturascripts.com>
 *
 * This program is free software: you can redistribute it and/or modify
 * it under the terms of the GNU Lesser General Public License as
 * published by the Free Software Foundation, either version 3 of the
 * License, or (at your option) any later version.
 *
 * This program is distributed in the hope that it will be useful,
 * but WITHOUT ANY WARRANTY; without even the implied warranty of
 * MERCHANTABILITY or FITNESS FOR A PARTICULAR PURPOSE. See the
 * GNU Lesser General Public License for more details.
 *
 * You should have received a copy of the GNU Lesser General Public License
 * along with this program. If not, see <http://www.gnu.org/licenses/>.
 *
 * @author Carlos García Gómez  <carlos@facturascris.com>
 * @author Artex Trading sa     <jcuello@artextrading.com>
-->
<view>
    <columns>
        <column name="code" order="100">
            <widget type="text" fieldname="coddivisa" onclick="EditDivisa" />
        </column>
        <column name="description" order="110">
            <widget type="textarea" fieldname="descripcion" />
        </column>
        <column name="symbol" display="center" order="120">
            <widget type="text" fieldname="simbolo" />
        </column>
        <column name="iso" titleurl="https://es.wikipedia.org/wiki/ISO_4217" order="130">
            <widget type="text" fieldname="codiso" />
        </column>
        <column name="sales-rate" display="right" order="140">
            <widget type="number" decimal="4" fieldname="tasaconv" />
        </column>
        <column name="purchase-rate" display="right" order="150">
            <widget type="number" decimal="4" fieldname="tasaconvcompra" />
        </column>
    </columns>
    <rows>
        <row type="status">
            <option color="warning" fieldname="tasaconv">gt:1</option>
        </row>
    </rows>
</view>
