<?xml version="1.0" encoding="UTF-8"?>
<!--
 * This file is part of FacturaScripts
 * Copyright (C) 2017-2020 Carlos Garcia Gomez <carlos@facturascripts.com>
 *
 * This program is free software: you can redistribute it and/or modify
 * it under the terms of the GNU Lesser General Public License as
 * published by the Free Software Foundation, either version 3 of the
 * License, or (at your option) any later version.
 *
 * This program is distributed in the hope that it will be useful,
 * but WITHOUT ANY WARRANTY; without even the implied warranty of
 * MERCHANTABILITY or FITNESS FOR A PARTICULAR PURPOSE. See the
 * GNU Lesser General Public License for more details.
 *
 * You should have received a copy of the GNU Lesser General Public License
 * along with this program. If not, see <http://www.gnu.org/licenses/>.
 *
 * @author Carlos García Gómez      <carlos@facturascripts.com>
 * @author Francesc Pineda Segarra  <francesc.pineda.segarra@gmail.com>
-->
<view>
    <columns>
        <column name="id" display="none" order="100">
            <widget type="text" fieldname="idestado" />
        </column>
        <column name="doc-type" order="110">
            <widget type="select" fieldname="tipodoc" translate="true">
                <values title="customer-estimation">PresupuestoCliente</values>
                <values title="customer-order">PedidoCliente</values>
                <values title="customer-delivery-note">AlbaranCliente</values>
                <values title="customer-invoice">FacturaCliente</values>
                <values title="supplier-estimation">PresupuestoProveedor</values>
                <values title="supplier-order">PedidoProveedor</values>
                <values title="supplier-delivery-note">AlbaranProveedor</values>
                <values title="supplier-invoice">FacturaProveedor</values>
            </widget>
        </column>
        <column name="name" order="120">
            <widget type="text" fieldname="nombre" />
        </column>
        <column name="default" display="center" order="130">
            <widget type="checkbox" fieldname="predeterminado" />
        </column>
        <column name="editable" display="center" order="140">
            <widget type="checkbox" fieldname="editable" />
        </column>
        <column name="update-stock" display="center" order="150">
            <widget type="select" fieldname="actualizastock" translate="true">
                <values title="book">-2</values>
                <values title="subtract">-1</values>
                <values title="do-nothing">0</values>
                <values title="add">1</values>
                <values title="foresee">2</values>
                <option color="warning">-2</option>
                <option color="danger">-1</option>
                <option color="success">1</option>
                <option color="warning">2</option>
            </widget>
        </column>
        <column name="generate-doc-type" display="right" order="160">
            <widget type="select" fieldname="generadoc" translate="true">
                <values title="customer-estimation">PresupuestoCliente</values>
                <values title="customer-order">PedidoCliente</values>
                <values title="customer-delivery-note">AlbaranCliente</values>
                <values title="customer-invoice">FacturaCliente</values>
                <values title="supplier-estimation">PresupuestoProveedor</values>
                <values title="supplier-order">PedidoProveedor</values>
                <values title="supplier-delivery-note">AlbaranProveedor</values>
                <values title="supplier-invoice">FacturaProveedor</values>
            </widget>
        </column>
    </columns>
    <rows>
        <row type="status">
            <option color="info" fieldname="predeterminado">1</option>
            <option color="success" fieldname="generadoc">neq:</option>
            <option color="warning" fieldname="editable">0</option>
        </row>
    </rows>
</view>
