<?xml version="1.0" encoding="UTF-8"?>
<!--
 * This file is part of FacturaScripts
 * Copyright (C) 2017-2019 Carlos Garcia Gomez <carlos@facturascripts.com>
 *
 * This program is free software: you can redistribute it and/or modify
 * it under the terms of the GNU Lesser General Public License as
 * published by the Free Software Foundation, either version 3 of the
 * License, or (at your option) any later version.
 *
 * This program is distributed in the hope that it will be useful,
 * but WITHOUT ANY WARRANTY; without even the implied warranty of
 * MERCHANTABILITY or FITNESS FOR A PARTICULAR PURPOSE. See the
 * GNU Lesser General Public License for more details.
 *
 * You should have received a copy of the GNU Lesser General Public License
 * along with this program. If not, see <http://www.gnu.org/licenses/>.
 *
 * @author Cristo M. Estévez Hernández  <cristom.estevez@gmail.com>
 * @author Carlos García Gómez          <carlos@facturascripts.com>
-->
<view>
    <columns>
        <column name="id" display="none" order="100">
            <widget type="number" fieldname="idcron" />
        </column>
        <column name="plugin" order="110">
            <widget type="text" fieldname="pluginname" />
        </column>
        <column name="jobname" title="job-name" order="120">
            <widget type="text" fieldname="jobname" />
        </column>
        <column name="enabled" display="center" order="130">
            <widget type="checkbox" fieldname="enabled" />
        </column>
        <column name="done" display="center" order="140">
            <widget type="checkbox" fieldname="done" />
        </column>
        <column name="duration" display="right" order="150">
            <widget type="number" fieldname="duration">
                <option color="danger">gt:30</option>
            </widget>
        </column>
        <column name="date" display="right" order="160">
            <widget type="datetime" fieldname="date" />
        </column>
    </columns>
    <rows>
        <row type="status">
            <option color="success" fieldname="enabled">1</option>
            <option color="warning" fieldname="enabled">0</option>
        </row>
    </rows>
</view>
