<?xml version="1.0" encoding="UTF-8"?>
<!--
 * This file is part of FacturaScripts
 * Copyright (C) 2017-2020 Carlos Garcia Gomez <carlos@facturascripts.com>
 *
 * This program is free software: you can redistribute it and/or modify
 * it under the terms of the GNU Lesser General Public License as
 * published by the Free Software Foundation, either version 3 of the
 * License, or (at your option) any later version.
 *
 * This program is distributed in the hope that it will be useful,
 * but WITHOUT ANY WARRANTY; without even the implied warranty of
 * MERCHANTABILITY or FITNESS FOR A PARTICULAR PURPOSE. See the
 * GNU Lesser General Public License for more details.
 *
 * You should have received a copy of the GNU Lesser General Public License
 * along with this program. If not, see <http://www.gnu.org/licenses/>.
 *
 * @author Artex Trading sa     <jcuello@artextrading.com>
 * @author Carlos García Gómez  <carlos@facturascripts.com>
-->
<view>
    <columns>
        <column name="code" order="100">
            <widget type="text" fieldname="codtarifa" onclick="EditTarifa" />
        </column>
        <column name="name" order="110">
            <widget type="text" fieldname="nombre" />
        </column>
        <column name="formula" title="formula-to-apply" order="120">
            <widget type="select" fieldname="aplicar" translate="true">
                <values title="formula-sale-price">pvp</values>
                <values title="formula-cost-price">coste</values>
            </widget>
        </column>
        <column name="value-x" display="right" order="130">
            <widget type="number" fieldname="valorx" />
        </column>
        <column name="value-y" display="right" order="140">
            <widget type="number" fieldname="valory" />
        </column>
        <column name="mincost" title="dont-sell-below-cost" display="center" order="150">
            <widget type="checkbox" fieldname="mincoste" />
        </column>
        <column name="maxprice" title="dont-sell-above-pvp" display="center" order="160">
            <widget type="checkbox" fieldname="maxpvp" />
        </column>
    </columns>
</view>
