<?xml version="1.0" encoding="UTF-8"?>
<!--
 * This file is part of FacturaScripts
 * Copyright (C) 2017-2019 Carlos Garcia Gomez <carlos@facturascripts.com>
 *
 * This program is free software: you can redistribute it and/or modify
 * it under the terms of the GNU Lesser General Public License as
 * published by the Free Software Foundation, either version 3 of the
 * License, or (at your option) any later version.
 *
 * This program is distributed in the hope that it will be useful,
 * but WITHOUT ANY WARRANTY; without even the implied warranty of
 * MERCHANTABILITY or FITNESS FOR A PARTICULAR PURPOSE. See the
 * GNU Lesser General Public License for more details.
 *
 * You should have received a copy of the GNU Lesser General Public License
 * along with this program. If not, see <http://www.gnu.org/licenses/>.
 *
 * @author Francesc Pineda Segarra  <francesc.pineda.segarra@gmail.com>
 * @author Carlos García Gómez      <carlos@facturascripts.com>
-->
<view>
    <columns>
        <group name="log" title="which-logs-store" numcolumns="12" icon="fas fa-file-medical-alt">
            <column name="name" display="none" order="0">
                <widget type="text" fieldname="name" readonly="true" required="true" />
            </column>
            <column name="type-debug" order="100">
                <widget type="checkbox" fieldname="debug"/>
            </column>
            <column name="type-info" order="110">
                <widget type="checkbox" fieldname="info"/>
            </column>
            <column name="type-notice" order="120">
                <widget type="checkbox" fieldname="notice"/>
            </column>
            <column name="type-warning" order="130">
                <widget type="checkbox" fieldname="warning"/>
            </column>
            <column name="type-error" order="140">
                <widget type="checkbox" fieldname="error"/>
            </column>
            <column name="type-critical" order="150">
                <widget type="checkbox" fieldname="critical"/>
            </column>
        </group>
    </columns>
</view>
